,Score,time,subject,nb_cal,clf,score_01
0,0.73,1.4437499999999999,1,1,Xdawn+RG+MDM,0.661234351988218
1,0.62,1.4227272727272728,1,1,Xdawn+RG+LDA,0.601380706921944
2,0.59,1.4089430894308943,1,1,Xdawn+RG+SVC,0.5448315537555228
3,0.75,1.4473118279569896,1,1,Xdawn+LDA,0.6407032400589101
4,0.87,1.4328828828828828,1,2,Xdawn+RG+MDM,0.7664898889770024
5,0.79,1.4217592592592594,1,2,Xdawn+RG+LDA,0.6990880253766851
6,0.83,1.4678861788617885,1,2,Xdawn+RG+SVC,0.6245886201427439
7,0.81,1.4146341463414633,1,2,Xdawn+LDA,0.7044557890563046
8,0.92,1.4547619047619051,1,3,Xdawn+RG+MDM,0.7861844931271478
9,0.85,1.448648648648649,1,3,Xdawn+RG+LDA,0.733923969072165
10,0.79,1.4081081081081084,1,3,Xdawn+RG+SVC,0.6288659793814433
11,0.88,1.4304878048780487,1,3,Xdawn+LDA,0.7487113402061856
12,0.93,1.467156862745098,1,4,Xdawn+RG+MDM,0.8067127460168697
13,0.84,1.453921568627451,1,4,Xdawn+RG+LDA,0.7373008434864106
14,0.89,1.4364864864864864,1,4,Xdawn+RG+SVC,0.6901241799437676
15,0.89,1.393589743589744,1,4,Xdawn+LDA,0.7987933458294283
16,0.88,1.4232323232323232,1,5,Xdawn+RG+MDM,0.8188337628865979
17,0.88,1.3937499999999998,1,5,Xdawn+RG+LDA,0.7528930412371134
18,0.85,1.463888888888889,1,5,Xdawn+RG+SVC,0.7293492268041237
19,0.88,1.4282828282828284,1,5,Xdawn+LDA,0.8114432989690722
20,0.92,1.462903225806452,1,6,Xdawn+RG+MDM,0.8213201603665521
21,0.89,1.403571428571429,1,6,Xdawn+RG+LDA,0.7503221649484536
22,0.86,1.4161111111111115,1,6,Xdawn+RG+SVC,0.715356529209622
23,0.86,1.395161290322581,1,6,Xdawn+LDA,0.8126861397479954
24,0.84,1.4048611111111111,1,7,Xdawn+RG+MDM,0.82578125
25,0.94,1.4629629629629632,1,7,Xdawn+RG+LDA,0.7774565077319588
26,0.88,1.4617283950617288,1,7,Xdawn+RG+SVC,0.7285840850515464
27,0.91,1.4114942528735637,1,7,Xdawn+LDA,0.8316929768041237
28,0.93,1.4616666666666667,1,8,Xdawn+RG+MDM,0.8257547864506627
29,0.86,1.3992063492063491,1,8,Xdawn+RG+LDA,0.7741163475699557
30,0.82,1.384782608695652,1,8,Xdawn+RG+SVC,0.7407308541973491
31,0.86,1.414285714285714,1,8,Xdawn+LDA,0.8183449926362297
32,0.88,1.4379629629629629,1,9,Xdawn+RG+MDM,0.8181486254295532
33,0.88,1.4141666666666666,1,9,Xdawn+RG+LDA,0.7652384020618557
34,0.92,1.4287878787878785,1,9,Xdawn+RG+SVC,0.7431701030927835
35,1.0,1.4507936507936505,1,9,Xdawn+LDA,0.8403135738831615
36,0.66,1.4614285714285715,2,1,Xdawn+RG+MDM,0.6147505522827688
37,0.66,1.4782828282828282,2,1,Xdawn+RG+LDA,0.5804537923416789
38,0.36,1.3474637681159423,2,1,Xdawn+RG+SVC,0.5085051546391752
39,0.71,1.4562499999999998,2,1,Xdawn+LDA,0.5954758836524301
40,0.71,1.4480392156862745,2,2,Xdawn+RG+MDM,0.6852101506740682
41,0.63,1.4598958333333332,2,2,Xdawn+RG+LDA,0.6370440126883425
42,0.73,1.398648648648649,2,2,Xdawn+RG+SVC,0.570415344964314
43,0.83,1.4035714285714287,2,2,Xdawn+LDA,0.6840949643140365
44,0.83,1.4457264957264961,2,3,Xdawn+RG+MDM,0.7286887886597938
45,0.71,1.4757575757575756,2,3,Xdawn+RG+LDA,0.6558043384879726
46,0.67,1.4401041666666665,2,3,Xdawn+RG+SVC,0.5848475085910653
47,0.92,1.423684210526316,2,3,Xdawn+LDA,0.6914035652920962
48,0.84,1.4272727272727272,2,4,Xdawn+RG+MDM,0.7438905810684162
49,0.82,1.384408602150538,2,4,Xdawn+RG+LDA,0.6728385660731021
50,0.77,1.420430107526882,2,4,Xdawn+RG+SVC,0.6120958294283037
51,0.91,1.368095238095238,2,4,Xdawn+LDA,0.6916178537956889
52,0.8,1.4661616161616164,2,5,Xdawn+RG+MDM,0.7397100515463917
53,0.88,1.4194444444444447,2,5,Xdawn+RG+LDA,0.6751288659793815
54,0.95,1.4438095238095237,2,5,Xdawn+RG+SVC,0.6312822164948454
55,0.88,1.4088235294117648,2,5,Xdawn+LDA,0.7157474226804124
56,0.83,1.4401234567901238,2,6,Xdawn+RG+MDM,0.7362113402061856
57,0.89,1.3645833333333333,2,6,Xdawn+RG+LDA,0.6849298396334479
58,0.81,1.3787356321839082,2,6,Xdawn+RG+SVC,0.6329610538373425
59,0.92,1.404761904761905,2,6,Xdawn+LDA,0.7221291523482245
60,0.88,1.5091954022988507,2,7,Xdawn+RG+MDM,0.747752899484536
61,1.0,1.4179012345679012,2,7,Xdawn+RG+LDA,0.6767880154639175
62,0.84,1.3961111111111115,2,7,Xdawn+RG+SVC,0.6314030283505154
63,0.94,1.4500000000000004,2,7,Xdawn+LDA,0.7229784149484536
64,0.89,1.4551282051282055,2,8,Xdawn+RG+MDM,0.739138438880707
65,1.0,1.362878787878788,2,8,Xdawn+RG+LDA,0.6754326215022091
66,0.86,1.4277777777777776,2,8,Xdawn+RG+SVC,0.6273379970544919
67,0.96,1.4226666666666667,2,8,Xdawn+LDA,0.7333026509572902
68,0.79,1.4126984126984128,2,9,Xdawn+RG+MDM,0.7433526632302405
69,0.83,1.3675925925925927,2,9,Xdawn+RG+LDA,0.6781142611683848
70,0.83,1.3975,2,9,Xdawn+RG+SVC,0.6353307560137457
71,0.88,1.387301587301587,2,9,Xdawn+LDA,0.7439432989690722
72,0.61,1.4528571428571426,3,1,Xdawn+RG+MDM,0.6647367452135493
73,0.61,1.4409523809523812,3,1,Xdawn+RG+LDA,0.6178571428571429
74,0.36,1.3699275362318841,3,1,Xdawn+RG+SVC,0.5234582106038291
75,0.68,1.398717948717949,3,1,Xdawn+LDA,0.6750552282768778
76,0.73,1.4824786324786325,3,2,Xdawn+RG+MDM,0.7484189135606661
77,0.65,1.416666666666667,3,2,Xdawn+RG+LDA,0.7123562648691515
78,0.62,1.4081196581196582,3,2,Xdawn+RG+SVC,0.5952468279143537
79,0.85,1.4279166666666665,3,2,Xdawn+LDA,0.7485923869944489
80,0.81,1.4833333333333334,3,3,Xdawn+RG+MDM,0.7616731099656358
81,0.75,1.4473958333333332,3,3,Xdawn+RG+LDA,0.6990871993127148
82,0.73,1.4552380952380954,3,3,Xdawn+RG+SVC,0.6401524914089347
83,0.88,1.4170833333333335,3,3,Xdawn+LDA,0.7969877577319588
84,0.89,1.4939814814814816,3,4,Xdawn+RG+MDM,0.7845770852858482
85,0.8,1.430092592592593,3,4,Xdawn+RG+LDA,0.710994611059044
86,0.8,1.4226851851851852,3,4,Xdawn+RG+SVC,0.6493556701030928
87,0.89,1.410964912280702,3,4,Xdawn+LDA,0.7797270384254921
88,0.9,1.4901041666666666,3,5,Xdawn+RG+MDM,0.8027319587628866
89,0.8,1.441379310344828,3,5,Xdawn+RG+LDA,0.7377061855670104
90,0.8,1.4259259259259263,3,5,Xdawn+RG+SVC,0.663840206185567
91,0.88,1.3976851851851853,3,5,Xdawn+LDA,0.7825579896907217
92,0.92,1.4397849462365593,3,6,Xdawn+RG+MDM,0.8020045819014892
93,0.86,1.4749999999999999,3,6,Xdawn+RG+LDA,0.7677835051546391
94,0.81,1.4805555555555558,3,6,Xdawn+RG+SVC,0.6919458762886598
95,0.97,1.41875,3,6,Xdawn+LDA,0.7886955899198167
96,0.78,1.4378787878787878,3,7,Xdawn+RG+MDM,0.8064110824742268
97,0.88,1.4246666666666667,3,7,Xdawn+RG+LDA,0.7644007731958763
98,0.81,1.4567901234567902,3,7,Xdawn+RG+SVC,0.6978173324742268
99,0.97,1.3908045977011498,3,7,Xdawn+LDA,0.8146343427835052
100,0.89,1.3912698412698412,3,8,Xdawn+RG+MDM,0.8257179675994109
101,0.93,1.4471014492753622,3,8,Xdawn+RG+LDA,0.7746410162002946
102,0.89,1.3881944444444443,3,8,Xdawn+RG+SVC,0.7138162739322533
103,0.96,1.4146666666666667,3,8,Xdawn+LDA,0.8131535346097202
104,0.88,1.4190476190476191,3,9,Xdawn+RG+MDM,0.8389819587628866
105,0.83,1.4473684210526314,3,9,Xdawn+RG+LDA,0.769286941580756
106,0.92,1.395614035087719,3,9,Xdawn+RG+SVC,0.701879295532646
107,0.96,1.3916666666666666,3,9,Xdawn+LDA,0.8132517182130584
108,0.5,1.4220588235294116,4,1,Xdawn+RG+MDM,0.6045931516936671
109,0.61,1.403888888888889,4,1,Xdawn+RG+LDA,0.6271400957290133
110,0.41,1.3717948717948723,4,1,Xdawn+RG+SVC,0.5420287187039764
111,0.68,1.4523809523809526,4,1,Xdawn+LDA,0.6420333210603829
112,0.75,1.4983739837398373,4,2,Xdawn+RG+MDM,0.6786528548770817
113,0.79,1.4408045977011497,4,2,Xdawn+RG+LDA,0.6383178033306899
114,0.63,1.4094017094017097,4,2,Xdawn+RG+SVC,0.5673820380650277
115,0.83,1.4908333333333332,4,2,Xdawn+LDA,0.6628568596352101
116,0.83,1.4729729729729728,4,3,Xdawn+RG+MDM,0.7183848797250859
117,0.85,1.3925438596491229,4,3,Xdawn+RG+LDA,0.7051975945017183
118,0.65,1.41981981981982,4,3,Xdawn+RG+SVC,0.6205541237113402
119,0.92,1.4474747474747476,4,3,Xdawn+LDA,0.7218159364261167
120,0.82,1.4408602150537635,4,4,Xdawn+RG+MDM,0.6955072633552015
121,0.93,1.5109195402298847,4,4,Xdawn+RG+LDA,0.6993556701030927
122,0.66,1.4790322580645163,4,4,Xdawn+RG+SVC,0.6054065135895033
123,0.89,1.417741935483871,4,4,Xdawn+LDA,0.7225105435801311
124,0.88,1.4763440860215058,4,5,Xdawn+RG+MDM,0.744381443298969
125,0.9,1.474731182795699,4,5,Xdawn+RG+LDA,0.7060051546391752
126,0.82,1.3956790123456795,4,5,Xdawn+RG+SVC,0.637770618556701
127,0.92,1.4250000000000003,4,5,Xdawn+LDA,0.7331056701030927
128,0.86,1.5025641025641028,4,6,Xdawn+RG+MDM,0.7517969644902635
129,0.86,1.4730769230769232,4,6,Xdawn+RG+LDA,0.7277276632302405
130,0.78,1.4442028985507245,4,6,Xdawn+RG+SVC,0.6555555555555556
131,0.89,1.4194444444444443,4,6,Xdawn+LDA,0.7264962772050401
132,1.0,1.5116666666666667,4,7,Xdawn+RG+MDM,0.7795989046391752
133,0.97,1.4447916666666667,4,7,Xdawn+RG+LDA,0.7160196520618557
134,0.91,1.4852941176470589,4,7,Xdawn+RG+SVC,0.6652303479381443
135,0.84,1.505,4,7,Xdawn+LDA,0.7064674613402062
136,0.89,1.475833333333333,4,8,Xdawn+RG+MDM,0.7658044918998528
137,0.93,1.4578947368421054,4,8,Xdawn+RG+LDA,0.7123159057437408
138,0.82,1.3924999999999998,4,8,Xdawn+RG+SVC,0.6702411634756996
139,0.82,1.4641666666666668,4,8,Xdawn+LDA,0.7187131811487482
140,0.88,1.5018518518518518,4,9,Xdawn+RG+MDM,0.7714884020618558
141,0.88,1.5197916666666669,4,9,Xdawn+RG+LDA,0.7327963917525773
142,0.67,1.5023809523809522,4,9,Xdawn+RG+SVC,0.6818298969072165
143,0.75,1.4675925925925926,4,9,Xdawn+LDA,0.7329252577319587
144,0.82,1.4226495726495731,5,1,Xdawn+RG+MDM,0.6485456553755523
145,0.68,1.4671296296296297,5,1,Xdawn+RG+LDA,0.623140648011782
146,0.48,1.3423913043478264,5,1,Xdawn+RG+SVC,0.5292387702503683
147,0.84,1.4307407407407406,5,1,Xdawn+LDA,0.6941688144329897
148,0.83,1.4361904761904765,5,2,Xdawn+RG+MDM,0.7135061459159397
149,0.9,1.4254629629629632,5,2,Xdawn+RG+LDA,0.7247918318794607
150,0.85,1.42875,5,2,Xdawn+RG+SVC,0.6204896907216495
151,1.0,1.4242063492063493,5,2,Xdawn+LDA,0.7436855670103093
152,0.92,1.4166666666666667,5,3,Xdawn+RG+MDM,0.7517665378006873
153,0.98,1.4115384615384614,5,3,Xdawn+RG+LDA,0.717992912371134
154,0.9,1.4171296296296299,5,3,Xdawn+RG+SVC,0.6447809278350516
155,0.94,1.4020833333333331,5,3,Xdawn+LDA,0.7622959621993126
156,0.98,1.4252136752136755,5,4,Xdawn+RG+MDM,0.7961047328959701
157,0.98,1.4121621621621623,5,4,Xdawn+RG+LDA,0.741014526710403
158,0.93,1.3920833333333333,5,4,Xdawn+RG+SVC,0.6871836925960637
159,0.98,1.3860360360360362,5,4,Xdawn+LDA,0.7799144798500468
160,0.95,1.4156862745098042,5,5,Xdawn+RG+MDM,0.7943041237113402
161,0.98,1.4068627450980393,5,5,Xdawn+RG+LDA,0.7691365979381444
162,0.95,1.4273148148148151,5,5,Xdawn+RG+SVC,0.7092074742268041
163,0.98,1.4414414414414416,5,5,Xdawn+LDA,0.7951868556701032
164,0.97,1.3893939393939394,5,6,Xdawn+RG+MDM,0.8154925544100802
165,0.97,1.435858585858586,5,6,Xdawn+RG+LDA,0.7685638602520046
166,0.97,1.3911458333333333,5,6,Xdawn+RG+SVC,0.7214060710194731
167,0.97,1.425555555555556,5,6,Xdawn+LDA,0.7896620847651775
168,0.97,1.4380952380952385,5,7,Xdawn+RG+MDM,0.8222374355670103
169,0.94,1.4250000000000003,5,7,Xdawn+RG+LDA,0.7692413015463917
170,1.0,1.4302083333333333,5,7,Xdawn+RG+SVC,0.7264739046391753
171,1.0,1.4111111111111114,5,7,Xdawn+LDA,0.8052512886597938
172,0.96,1.3817460317460315,5,8,Xdawn+RG+MDM,0.8327503681885126
173,0.96,1.4194444444444443,5,8,Xdawn+RG+LDA,0.7790500736377025
174,1.0,1.427777777777778,5,8,Xdawn+RG+SVC,0.7330357142857142
175,1.0,1.3881944444444443,5,8,Xdawn+LDA,0.8091034609720176
176,1.0,1.4309523809523808,5,9,Xdawn+RG+MDM,0.8144544673539519
177,1.0,1.4626984126984126,5,9,Xdawn+RG+LDA,0.7912908075601375
178,0.96,1.3606060606060604,5,9,Xdawn+RG+SVC,0.7288122852233677
179,0.96,1.415873015873016,5,9,Xdawn+LDA,0.7942225085910652
180,0.93,1.399645390070922,6,1,Xdawn+RG+MDM,0.8076076951399116
181,0.89,1.424074074074074,6,1,Xdawn+RG+LDA,0.734144882179676
182,0.79,1.4329787234042553,6,1,Xdawn+RG+SVC,0.6170885493372607
183,0.88,1.42625,6,1,Xdawn+LDA,0.6785576215022091
184,0.9,1.4049549549549551,6,2,Xdawn+RG+MDM,0.8137936161776368
185,0.87,1.421969696969697,6,2,Xdawn+RG+LDA,0.7218229579698652
186,0.81,1.4051282051282055,6,2,Xdawn+RG+SVC,0.62128766851705
187,0.94,1.4135658914728682,6,2,Xdawn+LDA,0.7815721649484536
188,0.94,1.4180180180180182,6,3,Xdawn+RG+MDM,0.8070017182130584
189,0.92,1.4391472868217057,6,3,Xdawn+RG+LDA,0.7918975515463917
190,0.85,1.3908333333333331,6,3,Xdawn+RG+SVC,0.6430519759450172
191,0.98,1.4434210526315792,6,3,Xdawn+LDA,0.7700118127147766
192,0.91,1.43989898989899,6,4,Xdawn+RG+MDM,0.8442830365510778
193,0.98,1.4311403508771934,6,4,Xdawn+RG+LDA,0.8133024835988754
194,0.95,1.3921052631578952,6,4,Xdawn+RG+SVC,0.7235824742268041
195,0.8,1.4762626262626262,6,4,Xdawn+LDA,0.7344482193064668
196,0.98,1.4257575757575758,6,5,Xdawn+RG+MDM,0.8617783505154639
197,1.0,1.3986111111111112,6,5,Xdawn+RG+LDA,0.8103994845360825
198,0.95,1.3994791666666666,6,5,Xdawn+RG+SVC,0.728936855670103
199,0.9,1.437931034482759,6,5,Xdawn+LDA,0.7994329896907216
200,0.97,1.4217171717171717,6,6,Xdawn+RG+MDM,0.8529495990836198
201,0.97,1.413131313131313,6,6,Xdawn+RG+LDA,0.8195303550973654
202,0.89,1.4025252525252525,6,6,Xdawn+RG+SVC,0.6756872852233677
203,0.89,1.421794871794872,6,6,Xdawn+LDA,0.8095217640320733
204,0.97,1.47,6,7,Xdawn+RG+MDM,0.8486710695876288
205,0.97,1.3783950617283953,6,7,Xdawn+RG+LDA,0.8541881443298969
206,0.97,1.363793103448276,6,7,Xdawn+RG+SVC,0.749573131443299
207,0.91,1.4617283950617288,6,7,Xdawn+LDA,0.8149242912371134
208,0.93,1.4136363636363631,6,8,Xdawn+RG+MDM,0.8528810751104565
209,0.96,1.418181818181818,6,8,Xdawn+RG+LDA,0.8462812960235641
210,0.96,1.4319444444444445,6,8,Xdawn+RG+SVC,0.77524852724595
211,0.96,1.448550724637681,6,8,Xdawn+LDA,0.8341863033873343
212,0.96,1.4766666666666668,6,9,Xdawn+RG+MDM,0.869909793814433
213,0.88,1.4690476190476187,6,9,Xdawn+RG+LDA,0.8254188144329897
214,0.96,1.4317460317460315,6,9,Xdawn+RG+SVC,0.7551653780068728
215,0.83,1.448148148148148,6,9,Xdawn+LDA,0.8254832474226804
216,0.71,1.4350427350427353,7,1,Xdawn+RG+MDM,0.6839699926362297
217,0.68,1.4342592592592593,7,1,Xdawn+RG+LDA,0.6789626288659794
218,0.59,1.393589743589744,7,1,Xdawn+RG+SVC,0.5703148011782033
219,0.61,1.423684210526316,7,1,Xdawn+LDA,0.6666099042709868
220,0.83,1.514227642276423,7,2,Xdawn+RG+MDM,0.7507087628865979
221,0.77,1.4344086021505382,7,2,Xdawn+RG+LDA,0.6780779143536875
222,0.69,1.4337301587301587,7,2,Xdawn+RG+SVC,0.6257979777954005
223,0.87,1.427450980392157,7,2,Xdawn+LDA,0.7225713719270421
224,0.88,1.4602150537634413,7,3,Xdawn+RG+MDM,0.7449205326460482
225,0.73,1.3979166666666665,7,3,Xdawn+RG+LDA,0.6910438144329897
226,0.83,1.4595238095238097,7,3,Xdawn+RG+SVC,0.6576353092783505
227,0.9,1.4267543859649126,7,3,Xdawn+LDA,0.7360395189003437
228,0.91,1.5101851851851853,7,4,Xdawn+RG+MDM,0.7575503748828492
229,0.93,1.462962962962963,7,4,Xdawn+RG+LDA,0.7215674789128398
230,0.82,1.4376190476190478,7,4,Xdawn+RG+SVC,0.6717607778819119
231,0.86,1.4407407407407409,7,4,Xdawn+LDA,0.749619259606373
232,0.98,1.4255208333333331,7,5,Xdawn+RG+MDM,0.7921520618556701
233,0.92,1.4019607843137254,7,5,Xdawn+RG+LDA,0.7260309278350515
234,0.85,1.4494623655913983,7,5,Xdawn+RG+SVC,0.670270618556701
235,0.9,1.3904040404040403,7,5,Xdawn+LDA,0.7607538659793814
236,0.94,1.3822916666666667,7,6,Xdawn+RG+MDM,0.8178908934707905
237,0.94,1.4328124999999998,7,6,Xdawn+RG+LDA,0.7551045246277205
238,0.83,1.399404761904762,7,6,Xdawn+RG+SVC,0.6904997136311569
239,0.92,1.3758620689655174,7,6,Xdawn+LDA,0.766881443298969
240,0.97,1.4250000000000003,7,7,Xdawn+RG+MDM,0.8112596649484536
241,0.97,1.4117283950617283,7,7,Xdawn+RG+LDA,0.7574259020618557
242,0.97,1.3919753086419755,7,7,Xdawn+RG+SVC,0.7144007731958764
243,0.97,1.4222222222222225,7,7,Xdawn+LDA,0.7749355670103093
244,0.93,1.451923076923077,7,8,Xdawn+RG+MDM,0.8035069955817378
245,1.0,1.4076388888888889,7,8,Xdawn+RG+LDA,0.737730117820324
246,0.93,1.3630434782608696,7,8,Xdawn+RG+SVC,0.6951491163475699
247,0.96,1.4597222222222221,7,8,Xdawn+LDA,0.7703148011782033
248,0.83,1.441269841269841,7,9,Xdawn+RG+MDM,0.8104166666666667
249,1.0,1.413768115942029,7,9,Xdawn+RG+LDA,0.7406894329896907
250,1.0,1.3949275362318838,7,9,Xdawn+RG+SVC,0.7091387457044673
251,0.96,1.421014492753623,7,9,Xdawn+LDA,0.7701890034364262
252,0.86,1.4612403100775195,8,1,Xdawn+RG+MDM,0.7029224963181149
253,0.84,1.4143410852713179,8,1,Xdawn+RG+LDA,0.7151049337260678
254,0.52,1.3487499999999997,8,1,Xdawn+RG+SVC,0.5342139175257732
255,0.91,1.430072463768116,8,1,Xdawn+LDA,0.7195968335787923
256,0.88,1.4139534883720932,8,2,Xdawn+RG+MDM,0.8151814036478985
257,0.9,1.4063492063492065,8,2,Xdawn+RG+LDA,0.7801893338620143
258,0.83,1.4244444444444444,8,2,Xdawn+RG+SVC,0.6667426645519429
259,0.94,1.4184397163120566,8,2,Xdawn+LDA,0.8020618556701031
260,0.94,1.446581196581197,8,3,Xdawn+RG+MDM,0.7816795532646048
261,0.96,1.4402439024390243,8,3,Xdawn+RG+LDA,0.7962145618556701
262,0.81,1.4342105263157898,8,3,Xdawn+RG+SVC,0.6559493127147766
263,0.85,1.4091666666666665,8,3,Xdawn+LDA,0.7959783075601374
264,0.95,1.4017094017094018,8,4,Xdawn+RG+MDM,0.827682755388941
265,0.91,1.4075,8,4,Xdawn+RG+LDA,0.8081068416119963
266,0.95,1.4271929824561405,8,4,Xdawn+RG+SVC,0.698043580131209
267,0.93,1.4149572649572653,8,4,Xdawn+LDA,0.7976745548266166
268,0.98,1.3534313725490197,8,5,Xdawn+RG+MDM,0.849188144329897
269,0.92,1.3792792792792794,8,5,Xdawn+RG+LDA,0.7980863402061855
270,0.98,1.3640350877192986,8,5,Xdawn+RG+SVC,0.7517010309278351
271,0.95,1.3973684210526318,8,5,Xdawn+LDA,0.8411791237113402
272,1.0,1.3580952380952382,8,6,Xdawn+RG+MDM,0.833684135166094
273,1.0,1.3549019607843138,8,6,Xdawn+RG+LDA,0.8115406643757159
274,0.92,1.3435483870967746,8,6,Xdawn+RG+SVC,0.7488903207331042
275,1.0,1.3754629629629633,8,6,Xdawn+LDA,0.8580684421534936
276,0.94,1.3629629629629632,8,7,Xdawn+RG+MDM,0.8129671391752578
277,0.97,1.3892473118279574,8,7,Xdawn+RG+LDA,0.8086259664948454
278,1.0,1.3961111111111115,8,7,Xdawn+RG+SVC,0.7331105025773196
279,1.0,1.372777777777778,8,7,Xdawn+LDA,0.8645054768041237
280,0.96,1.364814814814815,8,8,Xdawn+RG+MDM,0.8495489690721649
281,0.96,1.3920000000000001,8,8,Xdawn+RG+LDA,0.8112849779086893
282,0.96,1.4136904761904765,8,8,Xdawn+RG+SVC,0.7591863033873343
283,1.0,1.3820512820512822,8,8,Xdawn+LDA,0.8609628129602356
284,0.96,1.3841269841269839,8,9,Xdawn+RG+MDM,0.8381335910652921
285,0.96,1.371052631578947,8,9,Xdawn+RG+LDA,0.7888423539518901
286,1.0,1.4133333333333333,8,9,Xdawn+RG+SVC,0.7562822164948454
287,1.0,1.3818181818181816,8,9,Xdawn+LDA,0.8489798109965636
288,0.3,1.5217171717171718,9,1,Xdawn+RG+MDM,0.5493878865979381
289,0.32,1.5041666666666667,9,1,Xdawn+RG+LDA,0.5269606038291605
290,0.27,1.3426666666666662,9,1,Xdawn+RG+SVC,0.5029639175257732
291,0.5,1.4183760683760687,9,1,Xdawn+LDA,0.5564709131075111
292,0.58,1.5161616161616163,9,2,Xdawn+RG+MDM,0.5972690325138779
293,0.48,1.4833333333333334,9,2,Xdawn+RG+LDA,0.5491078509119747
294,0.21,1.4328703703703705,9,2,Xdawn+RG+SVC,0.5136201427438541
295,0.48,1.4594202898550723,9,2,Xdawn+LDA,0.5766851704996034
296,0.65,1.4580645161290327,9,3,Xdawn+RG+MDM,0.6456722508591065
297,0.6,1.4757575757575756,9,3,Xdawn+RG+LDA,0.6058902491408935
298,0.42,1.400555555555556,9,3,Xdawn+RG+SVC,0.5350622852233677
299,0.58,1.4494252873563223,9,3,Xdawn+LDA,0.5805949312714777
300,0.7,1.4246666666666667,9,4,Xdawn+RG+MDM,0.6414011246485474
301,0.75,1.4480392156862743,9,4,Xdawn+RG+LDA,0.6129217432052484
302,0.48,1.3838235294117647,9,4,Xdawn+RG+SVC,0.5423031865042174
303,0.61,1.4225806451612906,9,4,Xdawn+LDA,0.6048266166822868
304,0.68,1.4500000000000002,9,5,Xdawn+RG+MDM,0.6503414948453609
305,0.78,1.4489247311827957,9,5,Xdawn+RG+LDA,0.6037242268041236
306,0.5,1.4314814814814814,9,5,Xdawn+RG+SVC,0.5490463917525773
307,0.75,1.4536458333333333,9,5,Xdawn+LDA,0.6212242268041237
308,0.72,1.403571428571429,9,6,Xdawn+RG+MDM,0.6847436998854525
309,0.58,1.3954545454545453,9,6,Xdawn+RG+LDA,0.6132875143184422
310,0.5,1.4470238095238097,9,6,Xdawn+RG+SVC,0.5508447880870561
311,0.83,1.4907407407407407,9,6,Xdawn+LDA,0.636762600229095
312,0.88,1.4031746031746029,9,7,Xdawn+RG+MDM,0.6993476159793814
313,0.75,1.4354166666666668,9,7,Xdawn+RG+LDA,0.6457071520618557
314,0.53,1.4840277777777777,9,7,Xdawn+RG+SVC,0.5677029639175257
315,0.88,1.4333333333333333,9,7,Xdawn+LDA,0.6571762242268041
316,0.82,1.3499999999999996,9,8,Xdawn+RG+MDM,0.7110916789396171
317,0.75,1.4731884057971014,9,8,Xdawn+RG+LDA,0.6450478645066273
318,0.82,1.411111111111111,9,8,Xdawn+RG+SVC,0.5897183357879234
319,0.86,1.4522727272727272,9,8,Xdawn+LDA,0.663880706921944
320,0.75,1.4342592592592593,9,9,Xdawn+RG+MDM,0.7197057560137456
321,0.88,1.3722222222222222,9,9,Xdawn+RG+LDA,0.6476911512027491
322,0.75,1.4883333333333333,9,9,Xdawn+RG+SVC,0.5754188144329897
323,0.75,1.4725,9,9,Xdawn+LDA,0.6458870274914089
324,0.93,1.4572916666666667,10,1,Xdawn+RG+MDM,0.7479657584683358
325,0.88,1.4631944444444445,10,1,Xdawn+RG+LDA,0.7151233431516937
326,0.68,1.3780487804878048,10,1,Xdawn+RG+SVC,0.5993418630338734
327,0.95,1.430612244897959,10,1,Xdawn+LDA,0.8093796023564064
328,0.94,1.4277777777777778,10,2,Xdawn+RG+MDM,0.8434377478191911
329,0.98,1.4063829787234043,10,2,Xdawn+RG+LDA,0.8461984536082474
330,0.94,1.4030303030303033,10,2,Xdawn+RG+SVC,0.7347888580491674
331,1.0,1.4385620915032675,10,2,Xdawn+LDA,0.898443695479778
332,1.0,1.3992592592592592,10,3,Xdawn+RG+MDM,0.8782753436426116
333,0.98,1.412878787878788,10,3,Xdawn+RG+LDA,0.8367429123711341
334,0.94,1.425757575757576,10,3,Xdawn+RG+SVC,0.7666129725085911
335,1.0,1.433695652173913,10,3,Xdawn+LDA,0.9206131872852233
336,1.0,1.3852713178294573,10,4,Xdawn+RG+MDM,0.9033563730084349
337,1.0,1.4127906976744187,10,4,Xdawn+RG+LDA,0.8811738519212746
338,1.0,1.4055555555555554,10,4,Xdawn+RG+SVC,0.8546801780693534
339,1.0,1.4609848484848484,10,4,Xdawn+LDA,0.9190487347703842
340,1.0,1.4072649572649576,10,5,Xdawn+RG+MDM,0.8922100515463918
341,1.0,1.3973684210526318,10,5,Xdawn+RG+LDA,0.8924355670103092
342,0.98,1.4260683760683766,10,5,Xdawn+RG+SVC,0.8751481958762887
343,1.0,1.4303418803418806,10,5,Xdawn+LDA,0.9253414948453609
344,1.0,1.3907407407407408,10,6,Xdawn+RG+MDM,0.8963273195876289
345,1.0,1.4314814814814814,10,6,Xdawn+RG+LDA,0.8771048109965636
346,1.0,1.375980392156863,10,6,Xdawn+RG+SVC,0.8683061282932416
347,1.0,1.3936274509803923,10,6,Xdawn+LDA,0.9262027491408935
348,1.0,1.4255208333333333,10,7,Xdawn+RG+MDM,0.9051546391752577
349,1.0,1.3988505747126443,10,7,Xdawn+RG+LDA,0.9041559278350515
350,0.97,1.4000000000000006,10,7,Xdawn+RG+SVC,0.8629913015463917
351,1.0,1.4583333333333335,10,7,Xdawn+LDA,0.9502577319587628
352,1.0,1.4333333333333333,10,8,Xdawn+RG+MDM,0.9057069219440353
353,1.0,1.4273333333333331,10,8,Xdawn+RG+LDA,0.8987113402061856
354,0.96,1.406,10,8,Xdawn+RG+SVC,0.8803663475699558
355,1.0,1.4583333333333337,10,8,Xdawn+LDA,0.9550257731958762
356,1.0,1.4361111111111111,10,9,Xdawn+RG+MDM,0.9063573883161512
357,1.0,1.4833333333333334,10,9,Xdawn+RG+LDA,0.9048432130584192
358,1.0,1.4333333333333333,10,9,Xdawn+RG+SVC,0.8758698453608247
359,1.0,1.4442028985507245,10,9,Xdawn+LDA,0.9499248281786941
360,0.36,1.4308943089430894,11,1,Xdawn+RG+MDM,0.5337444771723122
361,0.71,1.4311111111111112,11,1,Xdawn+RG+LDA,0.5576675257731959
362,0.3,1.3373333333333333,11,1,Xdawn+RG+SVC,0.5043446244477172
363,0.34,1.3969135802469137,11,1,Xdawn+LDA,0.5394882179675994
364,0.58,1.4238636363636363,11,2,Xdawn+RG+MDM,0.6150178429817605
365,0.58,1.4090579710144926,11,2,Xdawn+RG+LDA,0.5874405233941317
366,0.48,1.367753623188406,11,2,Xdawn+RG+SVC,0.5219419111816019
367,0.63,1.5107843137254902,11,2,Xdawn+LDA,0.5682097541633624
368,0.9,1.457142857142857,11,3,Xdawn+RG+MDM,0.7382033934707903
369,0.69,1.3885964912280704,11,3,Xdawn+RG+LDA,0.6447916666666667
370,0.62,1.367592592592593,11,3,Xdawn+RG+SVC,0.5888960481099657
371,0.85,1.4273504273504274,11,3,Xdawn+LDA,0.6799667096219931
372,0.93,1.4370370370370373,11,4,Xdawn+RG+MDM,0.7623887066541706
373,0.84,1.3994252873563222,11,4,Xdawn+RG+LDA,0.6821227741330834
374,0.84,1.4385714285714286,11,4,Xdawn+RG+SVC,0.6427893626991565
375,0.93,1.398648648648649,11,4,Xdawn+LDA,0.7172211808809746
376,0.82,1.4040229885057474,11,5,Xdawn+RG+MDM,0.755534793814433
377,0.8,1.3843137254901963,11,5,Xdawn+RG+LDA,0.7134278350515464
378,0.8,1.4106060606060606,11,5,Xdawn+RG+SVC,0.6604896907216495
379,0.82,1.4092592592592597,11,5,Xdawn+LDA,0.7169909793814433
380,0.89,1.452688172043011,11,6,Xdawn+RG+MDM,0.7673969072164949
381,0.83,1.4672222222222226,11,6,Xdawn+RG+LDA,0.6963774341351661
382,0.81,1.4470238095238097,11,6,Xdawn+RG+SVC,0.6475658648339061
383,0.89,1.4279569892473123,11,6,Xdawn+LDA,0.7313788659793814
384,0.78,1.4825757575757577,11,7,Xdawn+RG+MDM,0.7534874355670103
385,0.84,1.4575757575757577,11,7,Xdawn+RG+LDA,0.6816929768041237
386,0.72,1.4027777777777777,11,7,Xdawn+RG+SVC,0.6392880154639176
387,0.97,1.380666666666667,11,7,Xdawn+LDA,0.7387242268041236
388,0.82,1.478030303030303,11,8,Xdawn+RG+MDM,0.7783965390279823
389,0.82,1.3527777777777774,11,8,Xdawn+RG+LDA,0.7152153902798233
390,0.79,1.4087719298245611,11,8,Xdawn+RG+SVC,0.6791237113402062
391,0.86,1.4032051282051283,11,8,Xdawn+LDA,0.7679768041237114
392,0.83,1.4805555555555556,11,9,Xdawn+RG+MDM,0.7848475085910653
393,0.92,1.3733333333333333,11,9,Xdawn+RG+LDA,0.7332903780068729
394,0.88,1.4026315789473685,11,9,Xdawn+RG+SVC,0.6743019759450172
395,0.88,1.4416666666666664,11,9,Xdawn+LDA,0.8023410652920961
396,0.48,1.455392156862745,12,1,Xdawn+RG+MDM,0.582046207658321
397,0.62,1.4154761904761908,12,1,Xdawn+RG+LDA,0.5620351620029455
398,0.34,1.3396296296296297,12,1,Xdawn+RG+SVC,0.5107234904270986
399,0.48,1.4294871794871797,12,1,Xdawn+LDA,0.5634618924889544
400,0.52,1.5029761904761902,12,2,Xdawn+RG+MDM,0.6273047184773989
401,0.46,1.5067901234567902,12,2,Xdawn+RG+LDA,0.6002874702616972
402,0.48,1.3394736842105268,12,2,Xdawn+RG+SVC,0.5253320777160984
403,0.62,1.4760416666666667,12,2,Xdawn+LDA,0.6020965503568596
404,0.65,1.5546875,12,3,Xdawn+RG+MDM,0.6540914948453609
405,0.56,1.43125,12,3,Xdawn+RG+LDA,0.5979542525773196
406,0.48,1.3609375,12,3,Xdawn+RG+SVC,0.5397390463917525
407,0.52,1.5182795698924734,12,3,Xdawn+LDA,0.6053694158075601
408,0.59,1.5077777777777783,12,4,Xdawn+RG+MDM,0.6698102155576382
409,0.73,1.4706896551724138,12,4,Xdawn+RG+LDA,0.6181993908153702
410,0.52,1.392929292929293,12,4,Xdawn+RG+SVC,0.562101686972821
411,0.5,1.440686274509804,12,4,Xdawn+LDA,0.6063378631677601
412,0.57,1.4961538461538462,12,5,Xdawn+RG+MDM,0.6807409793814433
413,0.72,1.4511904761904764,12,5,Xdawn+RG+LDA,0.6412113402061856
414,0.57,1.3820512820512822,12,5,Xdawn+RG+SVC,0.5639175257731959
415,0.6,1.430952380952381,12,5,Xdawn+LDA,0.609909793814433
416,0.69,1.4946666666666666,12,6,Xdawn+RG+MDM,0.6837342497136312
417,0.61,1.4444444444444442,12,6,Xdawn+RG+LDA,0.6253865979381443
418,0.5,1.4425287356321845,12,6,Xdawn+RG+SVC,0.567024627720504
419,0.5,1.4759259259259256,12,6,Xdawn+LDA,0.5952892325315006
420,0.66,1.4041666666666666,12,7,Xdawn+RG+MDM,0.6902061855670103
421,0.56,1.4072916666666668,12,7,Xdawn+RG+LDA,0.6246134020618557
422,0.47,1.3507936507936507,12,7,Xdawn+RG+SVC,0.5499436211340206
423,0.59,1.5506410256410261,12,7,Xdawn+LDA,0.6076353092783505
424,0.71,1.3944444444444446,12,8,Xdawn+RG+MDM,0.696060382916053
425,0.61,1.4114583333333333,12,8,Xdawn+RG+LDA,0.6263438880706922
426,0.46,1.3774509803921569,12,8,Xdawn+RG+SVC,0.5710972017673048
427,0.5,1.4302083333333333,12,8,Xdawn+LDA,0.609738586156112
428,0.67,1.4631578947368422,12,9,Xdawn+RG+MDM,0.7052405498281786
429,0.62,1.419607843137255,12,9,Xdawn+RG+LDA,0.6320983676975944
430,0.38,1.3722222222222222,12,9,Xdawn+RG+SVC,0.5472293814432989
431,0.67,1.4098039215686273,12,9,Xdawn+LDA,0.6007731958762886
