,Score,time,subject,nb_cal,clf,score_01,time_training
0,0.75,1.4719298245614039,1,1,Xdawn+RG+MDM,0.6868648748159057,0.0
1,0.77,1.4880341880341883,1,1,Xdawn+RG+LDA,0.6609996318114875,0.0
2,0.73,1.4211382113821138,1,1,Xdawn+RG+SVC,0.6496410162002946,0.0
3,0.75,1.5309523809523808,1,1,Xdawn+LDA,0.6383008100147276,0.0
4,0.81,1.4585365853658538,1,2,Xdawn+RG+MDM,0.7379014670896114,0.0
5,0.81,1.4671296296296295,1,2,Xdawn+RG+LDA,0.7091048770816812,0.0
6,0.83,1.457083333333333,1,2,Xdawn+RG+SVC,0.7413164155432197,0.0
7,0.88,1.481578947368421,1,2,Xdawn+LDA,0.7411578112609041,0.0
8,0.88,1.4112745098039217,1,3,Xdawn+RG+MDM,0.7908397766323023,0.0
9,0.83,1.435858585858586,1,3,Xdawn+RG+LDA,0.7571842783505154,0.0
10,0.88,1.4680555555555557,1,3,Xdawn+RG+SVC,0.7664035652920962,0.0
11,0.75,1.3738095238095238,1,3,Xdawn+LDA,0.7838434278350516,0.0
12,0.91,1.4693693693693697,1,4,Xdawn+RG+MDM,0.8128573102155576,0.0
13,0.86,1.4880952380952381,1,4,Xdawn+RG+LDA,0.7861410496719775,0.0
14,0.95,1.4499999999999997,1,4,Xdawn+RG+SVC,0.7982778819119025,0.0
15,0.95,1.4824786324786328,1,4,Xdawn+LDA,0.8366447985004686,0.0
16,0.8,1.4397058823529412,1,5,Xdawn+RG+MDM,0.8033440721649484,0.0
17,0.75,1.4576923076923076,1,5,Xdawn+RG+LDA,0.8090077319587629,0.0
18,0.82,1.4155913978494623,1,5,Xdawn+RG+SVC,0.8067203608247423,0.0
19,0.9,1.4755208333333334,1,5,Xdawn+LDA,0.8293943298969072,0.0
20,0.89,1.4023809523809525,1,6,Xdawn+RG+MDM,0.8254653493699885,0.0
21,0.86,1.4411111111111117,1,6,Xdawn+RG+LDA,0.8066652348224513,0.0
22,0.92,1.4227777777777781,1,6,Xdawn+RG+SVC,0.8143184421534937,0.0
23,0.92,1.4065476190476194,1,6,Xdawn+LDA,0.8411655211912944,0.0
24,0.88,1.4308641975308642,1,7,Xdawn+RG+MDM,0.8253946520618556,0.0
25,0.78,1.4541666666666668,1,7,Xdawn+RG+LDA,0.7951433634020619,0.0
26,0.94,1.4686666666666668,1,7,Xdawn+RG+SVC,0.8097293814432989,0.0
27,0.91,1.4794871794871796,1,7,Xdawn+LDA,0.83425418814433,0.0
28,0.89,1.4230158730158728,1,8,Xdawn+RG+MDM,0.8150220913107511,0.0
29,0.89,1.4574074074074075,1,8,Xdawn+RG+LDA,0.8167617820324007,0.0
30,0.86,1.4227272727272724,1,8,Xdawn+RG+SVC,0.8233339469808543,0.0
31,1.0,1.4905797101449274,1,8,Xdawn+LDA,0.8606038291605302,0.0
32,0.92,1.4677083333333334,1,9,Xdawn+RG+MDM,0.8272658934707904,0.0
33,0.92,1.448148148148148,1,9,Xdawn+RG+LDA,0.8228522336769759,0.0
34,0.88,1.458333333333333,1,9,Xdawn+RG+SVC,0.8030927835051547,0.0
35,0.92,1.4241666666666666,1,9,Xdawn+LDA,0.8669888316151202,0.0
36,0.66,1.5156565656565657,2,1,Xdawn+RG+MDM,0.6281526141384388,0.0
37,0.61,1.5261111111111114,2,1,Xdawn+RG+LDA,0.6167111561119293,0.0
38,0.66,1.469191919191919,2,1,Xdawn+RG+SVC,0.6114506627393226,0.0
39,0.61,1.464351851851852,2,1,Xdawn+LDA,0.6079206553755523,0.0009465217590332031
40,0.71,1.5083333333333335,2,2,Xdawn+RG+MDM,0.6691118160190326,0.0
41,0.63,1.4327160493827162,2,2,Xdawn+RG+LDA,0.6665840602696274,0.0
42,0.67,1.4166666666666667,2,2,Xdawn+RG+SVC,0.662678429817605,0.0
43,0.75,1.4494791666666664,2,2,Xdawn+LDA,0.6833217684377478,0.0
44,0.69,1.469444444444445,2,3,Xdawn+RG+MDM,0.6923432130584193,0.0
45,0.77,1.4583333333333335,2,3,Xdawn+RG+LDA,0.6807667525773196,0.0
46,0.75,1.3995370370370372,2,3,Xdawn+RG+SVC,0.6875590635738832,0.0
47,0.79,1.4211111111111114,2,3,Xdawn+LDA,0.7030068728522336,0.0
48,0.77,1.4794117647058824,2,4,Xdawn+RG+MDM,0.7252987347703843,0.0
49,0.77,1.431372549019608,2,4,Xdawn+RG+LDA,0.7224226804123711,0.0
50,0.84,1.4727272727272727,2,4,Xdawn+RG+SVC,0.7166764292408623,0.0
51,0.8,1.456547619047619,2,4,Xdawn+LDA,0.7315370196813495,0.0
52,0.85,1.4552083333333334,2,5,Xdawn+RG+MDM,0.7277963917525774,0.0
53,0.85,1.450555555555556,2,5,Xdawn+RG+LDA,0.733118556701031,0.0
54,0.85,1.4474747474747476,2,5,Xdawn+RG+SVC,0.7325257731958763,0.0
55,0.92,1.4106060606060606,2,5,Xdawn+LDA,0.7533182989690722,0.0
56,0.78,1.4229885057471265,2,6,Xdawn+RG+MDM,0.72618843069874,0.0
57,0.81,1.4285714285714286,2,6,Xdawn+RG+LDA,0.7337270904925544,0.0
58,0.83,1.4486666666666668,2,6,Xdawn+RG+SVC,0.7320804696449026,0.0
59,0.89,1.4388888888888889,2,6,Xdawn+LDA,0.7532431271477664,0.0
60,0.84,1.484057971014493,2,7,Xdawn+RG+MDM,0.7481314432989691,0.0
61,0.81,1.4886904761904767,2,7,Xdawn+RG+LDA,0.7471246778350515,0.0
62,0.91,1.4166666666666665,2,7,Xdawn+RG+SVC,0.7496536726804124,0.0
63,0.84,1.4371794871794874,2,7,Xdawn+LDA,0.7584971005154639,0.0
64,0.86,1.4564102564102568,2,8,Xdawn+RG+MDM,0.7753958026509573,0.0
65,0.86,1.4198717948717952,2,8,Xdawn+RG+LDA,0.7684646539027982,0.0
66,0.86,1.4115942028985504,2,8,Xdawn+RG+SVC,0.7557345360824743,0.0
67,0.93,1.3515873015873014,2,8,Xdawn+LDA,0.7893869661266568,0.0
68,0.83,1.4333333333333331,2,9,Xdawn+RG+MDM,0.7666344501718213,0.0
69,0.83,1.4583333333333333,2,9,Xdawn+RG+LDA,0.7599226804123711,0.0
70,0.92,1.3903508771929822,2,9,Xdawn+RG+SVC,0.7555841924398625,0.0
71,0.83,1.4289473684210525,2,9,Xdawn+LDA,0.7565721649484536,0.0
72,0.64,1.453240740740741,3,1,Xdawn+RG+MDM,0.7261828055964654,0.0
73,0.7,1.5171568627450982,3,1,Xdawn+RG+LDA,0.700441826215022,0.0
74,0.71,1.4387387387387387,3,1,Xdawn+RG+SVC,0.714925441826215,0.0
75,0.59,1.52979797979798,3,1,Xdawn+LDA,0.683215206185567,0.0
76,0.81,1.4213675213675216,3,2,Xdawn+RG+MDM,0.7759169310071372,0.0
77,0.83,1.4675213675213679,3,2,Xdawn+RG+LDA,0.7774236716891356,0.0
78,0.87,1.4503968253968256,3,2,Xdawn+RG+SVC,0.7873463521015067,0.0
79,0.77,1.4495098039215686,3,2,Xdawn+LDA,0.7394676843774781,0.0
80,0.83,1.4657657657657661,3,3,Xdawn+RG+MDM,0.7547304553264604,0.0
81,0.75,1.4817204301075273,3,3,Xdawn+RG+LDA,0.7730079467353952,0.0
82,0.83,1.4465686274509806,3,3,Xdawn+RG+SVC,0.7606260738831615,0.0
83,0.85,1.4537634408602154,3,3,Xdawn+LDA,0.7808902491408934,0.0
84,0.86,1.4485294117647056,3,4,Xdawn+RG+MDM,0.7781982193064667,0.0
85,0.89,1.4588541666666666,3,4,Xdawn+RG+LDA,0.7975105435801312,0.0
86,0.91,1.4714912280701755,3,4,Xdawn+RG+SVC,0.7877870196813496,0.0
87,0.95,1.4692982456140353,3,4,Xdawn+LDA,0.8066541705716963,0.0
88,0.9,1.4322222222222227,3,5,Xdawn+RG+MDM,0.7875966494845361,0.0
89,0.88,1.4538888888888895,3,5,Xdawn+RG+LDA,0.8097487113402062,0.0
90,0.88,1.4166666666666665,3,5,Xdawn+RG+SVC,0.7782152061855669,0.0
91,0.92,1.4585858585858587,3,5,Xdawn+LDA,0.8002190721649485,0.0
92,0.86,1.487634408602151,3,6,Xdawn+RG+MDM,0.7988044100801832,0.0
93,0.94,1.4677419354838712,3,6,Xdawn+RG+LDA,0.8030784650630012,0.0
94,0.94,1.462903225806452,3,6,Xdawn+RG+SVC,0.7950100229095074,0.0
95,0.92,1.5072222222222225,3,6,Xdawn+LDA,0.8238616838487973,0.0
96,0.84,1.4393333333333334,3,7,Xdawn+RG+MDM,0.8128060567010309,0.0
97,0.84,1.4925925925925925,3,7,Xdawn+RG+LDA,0.8240576675257731,0.0
98,0.88,1.4500000000000004,3,7,Xdawn+RG+SVC,0.8124919458762887,0.0
99,0.97,1.4544871794871796,3,7,Xdawn+LDA,0.8349065721649485,0.0
100,0.89,1.4862318840579711,3,8,Xdawn+RG+MDM,0.8313512518409425,0.0
101,0.93,1.4652173913043476,3,8,Xdawn+RG+LDA,0.8317654639175258,0.0
102,0.89,1.4427536231884057,3,8,Xdawn+RG+SVC,0.8201767304860088,0.0
103,0.96,1.4425925925925926,3,8,Xdawn+LDA,0.8487113402061855,0.0
104,0.88,1.452380952380952,3,9,Xdawn+RG+MDM,0.8305841924398625,0.0
105,0.88,1.4428571428571426,3,9,Xdawn+RG+LDA,0.835889175257732,0.0
106,0.83,1.4386363636363633,3,9,Xdawn+RG+SVC,0.8309493127147767,0.0
107,0.92,1.4385964912280702,3,9,Xdawn+LDA,0.8471971649484535,0.0
108,0.48,1.48,4,1,Xdawn+RG+MDM,0.5845544918998528,0.0
109,0.68,1.4392156862745098,4,1,Xdawn+RG+LDA,0.6346465390279823,0.0
110,0.5,1.462121212121212,4,1,Xdawn+RG+SVC,0.5843289764359352,0.0
111,0.5,1.4339285714285717,4,1,Xdawn+LDA,0.6088641384388807,0.0
112,0.71,1.4916666666666665,4,2,Xdawn+RG+MDM,0.6906175654242664,0.0
113,0.85,1.4901041666666668,4,2,Xdawn+RG+LDA,0.6856760507533703,0.0
114,0.75,1.486752136752137,4,2,Xdawn+RG+SVC,0.662896510705789,0.0
115,0.79,1.5034313725490198,4,2,Xdawn+LDA,0.6988649881046789,0.0
116,0.79,1.4343137254901959,4,3,Xdawn+RG+MDM,0.7191151202749141,0.0
117,0.85,1.47,4,3,Xdawn+RG+LDA,0.7259933419243987,0.0
118,0.83,1.4627450980392158,4,3,Xdawn+RG+SVC,0.6982066151202749,0.0
119,0.85,1.4,4,3,Xdawn+LDA,0.7276954467353952,0.0
120,0.84,1.471666666666667,4,4,Xdawn+RG+MDM,0.707409793814433,1.2636184692382812e-05
121,0.82,1.4775862068965517,4,4,Xdawn+RG+LDA,0.711996251171509,0.0
122,0.84,1.5298850574712644,4,4,Xdawn+RG+SVC,0.7076265229615746,0.0
123,0.89,1.4580246913580248,4,4,Xdawn+LDA,0.7169751640112465,0.0
124,0.88,1.5111111111111115,4,5,Xdawn+RG+MDM,0.7300451030927835,0.0
125,0.78,1.4746913580246914,4,5,Xdawn+RG+LDA,0.7328865979381444,0.0
126,0.78,1.4574712643678163,4,5,Xdawn+RG+SVC,0.7145103092783505,0.0
127,0.85,1.4408602150537635,4,5,Xdawn+LDA,0.7337693298969072,0.0
128,0.83,1.4607142857142859,4,6,Xdawn+RG+MDM,0.743270332187858,0.0
129,0.89,1.4444444444444444,4,6,Xdawn+RG+LDA,0.769115120274914,0.0
130,0.81,1.4040000000000001,4,6,Xdawn+RG+SVC,0.734249713631157,0.0
131,0.92,1.4713333333333336,4,6,Xdawn+LDA,0.7791165521191294,0.0
132,0.91,1.4855072463768115,4,7,Xdawn+RG+MDM,0.747301868556701,0.0
133,0.91,1.46984126984127,4,7,Xdawn+RG+LDA,0.7589803479381443,0.0
134,0.81,1.448611111111111,4,7,Xdawn+RG+SVC,0.7471327319587628,0.0
135,0.78,1.5128787878787877,4,7,Xdawn+LDA,0.7591092139175257,0.0
136,1.0,1.4333333333333331,4,8,Xdawn+RG+MDM,0.786809646539028,0.0
137,0.93,1.4409090909090907,4,8,Xdawn+RG+LDA,0.764340942562592,0.00014495849609375
138,0.89,1.4899999999999998,4,8,Xdawn+RG+SVC,0.7295287187039765,0.0
139,0.93,1.4314814814814814,4,8,Xdawn+LDA,0.785180412371134,0.0
140,0.96,1.530555555555556,4,9,Xdawn+RG+MDM,0.7816365979381443,0.0
141,0.96,1.5098039215686274,4,9,Xdawn+RG+LDA,0.7923969072164949,0.0
142,0.92,1.4656862745098038,4,9,Xdawn+RG+SVC,0.7670532646048109,0.0
143,0.92,1.550833333333333,4,9,Xdawn+LDA,0.8053157216494846,0.0
144,0.82,1.4512820512820515,5,1,Xdawn+RG+MDM,0.6959683357879234,0.0
145,0.79,1.452439024390244,5,1,Xdawn+RG+LDA,0.6791467231222386,0.0
146,0.8,1.432478632478633,5,1,Xdawn+RG+SVC,0.672477908689249,0.0
147,0.7,1.4287878787878787,5,1,Xdawn+LDA,0.6538429675994109,0.0
148,0.85,1.4358333333333333,5,2,Xdawn+RG+MDM,0.7405878271213322,0.0009000301361083984
149,0.83,1.4316239316239316,5,2,Xdawn+RG+LDA,0.747407811260904,0.0
150,0.88,1.4458333333333333,5,2,Xdawn+RG+SVC,0.7380204203013482,0.0
151,0.87,1.438888888888889,5,2,Xdawn+LDA,0.7484387390959556,0.0
152,0.88,1.449561403508772,5,3,Xdawn+RG+MDM,0.7727233676975944,0.0
153,0.83,1.4365853658536585,5,3,Xdawn+RG+LDA,0.7640947164948453,0.0
154,0.94,1.4030701754385964,5,3,Xdawn+RG+SVC,0.7712360395189004,0.0
155,0.88,1.4170731707317072,5,3,Xdawn+LDA,0.7556808419243985,0.0
156,0.89,1.4728070175438597,5,4,Xdawn+RG+MDM,0.7774894564198688,0.0
157,0.93,1.4576923076923078,5,4,Xdawn+RG+LDA,0.7631794751640113,0.0
158,0.84,1.4561403508771933,5,4,Xdawn+RG+SVC,0.7624531396438613,0.0
159,0.86,1.4063725490196077,5,4,Xdawn+LDA,0.7763296626054358,0.0
160,0.9,1.437777777777778,5,5,Xdawn+RG+MDM,0.7815141752577319,0.0
161,0.92,1.4202020202020202,5,5,Xdawn+RG+LDA,0.7795682989690722,0.0
162,0.92,1.4274193548387104,5,5,Xdawn+RG+SVC,0.7877384020618556,0.0
163,0.95,1.4361111111111113,5,5,Xdawn+LDA,0.8148389175257732,0.0
164,0.97,1.4283950617283951,5,6,Xdawn+RG+MDM,0.8063215922107674,0.0
165,0.94,1.4362068965517245,5,6,Xdawn+RG+LDA,0.8064003436426117,0.0
166,0.94,1.4220430107526885,5,6,Xdawn+RG+SVC,0.7963201603665522,0.0
167,0.94,1.4207070707070706,5,6,Xdawn+LDA,0.8195518327605957,0.0
168,1.0,1.4592592592592593,5,7,Xdawn+RG+MDM,0.8021826675257733,0.0
169,0.97,1.4598765432098768,5,7,Xdawn+RG+LDA,0.8118798324742268,0.0
170,0.97,1.4166666666666667,5,7,Xdawn+RG+SVC,0.8056942654639175,0.0
171,1.0,1.4557471264367818,5,7,Xdawn+LDA,0.8358005798969073,0.0
172,1.0,1.4550724637681156,5,8,Xdawn+RG+MDM,0.8250552282768777,0.0
173,0.93,1.4134920634920631,5,8,Xdawn+RG+LDA,0.8294458762886598,0.0
174,0.89,1.461111111111111,5,8,Xdawn+RG+SVC,0.821787555228277,0.0
175,0.89,1.41875,5,8,Xdawn+LDA,0.8466586892488954,0.0
176,1.0,1.448333333333333,5,9,Xdawn+RG+MDM,0.8383161512027492,0.0
177,0.83,1.4361111111111111,5,9,Xdawn+RG+LDA,0.8365335051546392,0.0
178,0.96,1.3956140350877193,5,9,Xdawn+RG+SVC,0.8422036082474227,0.0
179,1.0,1.3759259259259258,5,9,Xdawn+LDA,0.8485717353951889,0.0
180,0.88,1.4757936507936509,6,1,Xdawn+RG+MDM,0.7547726435935198,0.0
181,0.8,1.4452380952380952,6,1,Xdawn+RG+LDA,0.7187914212076583,0.0
182,0.84,1.4533333333333331,6,1,Xdawn+RG+SVC,0.7569265463917525,0.0
183,0.59,1.4777777777777779,6,1,Xdawn+LDA,0.6240979381443299,0.0
184,0.87,1.4829457364341085,6,2,Xdawn+RG+MDM,0.802046986518636,0.0
185,0.87,1.413963963963964,6,2,Xdawn+RG+LDA,0.7939432989690722,0.0
186,0.87,1.4171052631578949,6,2,Xdawn+RG+SVC,0.7802934179222839,0.0
187,0.81,1.5194444444444446,6,2,Xdawn+LDA,0.7101556304520222,0.0
188,0.83,1.4583333333333337,6,3,Xdawn+RG+MDM,0.8117429123711339,0.0
189,0.85,1.431981981981982,6,3,Xdawn+RG+LDA,0.7815990120274914,0.0
190,0.85,1.4424242424242424,6,3,Xdawn+RG+SVC,0.7887349656357387,0.0
191,0.81,1.4166666666666667,6,3,Xdawn+LDA,0.7162210051546392,0.0
192,0.93,1.44957264957265,6,4,Xdawn+RG+MDM,0.8436387066541706,0.0
193,0.93,1.4604761904761907,6,4,Xdawn+RG+LDA,0.8221415182755389,0.0
194,0.95,1.4245833333333333,6,4,Xdawn+RG+SVC,0.8351628397375821,0.0
195,0.95,1.4156862745098042,6,4,Xdawn+LDA,0.765528350515464,0.0
196,0.98,1.468055555555556,6,5,Xdawn+RG+MDM,0.8185373711340206,0.0
197,0.98,1.4416666666666669,6,5,Xdawn+RG+LDA,0.8399742268041237,0.0
198,0.98,1.4186274509803922,6,5,Xdawn+RG+SVC,0.8229639175257732,0.0
199,0.9,1.5060185185185186,6,5,Xdawn+LDA,0.8133956185567011,0.0
200,0.94,1.4562499999999998,6,6,Xdawn+RG+MDM,0.8427119129438717,0.0
201,0.94,1.4677777777777785,6,6,Xdawn+RG+LDA,0.8611683848797251,0.0
202,0.94,1.4558823529411764,6,6,Xdawn+RG+SVC,0.8424470217640321,0.0
203,0.83,1.4555555555555557,6,6,Xdawn+LDA,0.7727520045819015,0.0
204,0.97,1.382638888888889,6,7,Xdawn+RG+MDM,0.8591333762886597,0.0
205,0.94,1.4873563218390806,6,7,Xdawn+RG+LDA,0.8526578608247423,0.0
206,0.97,1.4346153846153848,6,7,Xdawn+RG+SVC,0.8387483891752577,0.0
207,0.88,1.5006666666666668,6,7,Xdawn+LDA,0.7784230025773196,0.0
208,1.0,1.461111111111111,6,8,Xdawn+RG+MDM,0.8685290868924889,0.0
209,0.93,1.484,6,8,Xdawn+RG+LDA,0.8627669366715759,0.0
210,1.0,1.4197530864197532,6,8,Xdawn+RG+SVC,0.8349594992636229,0.0
211,0.96,1.4713333333333336,6,8,Xdawn+LDA,0.8200478645066274,0.0
212,0.92,1.4444444444444442,6,9,Xdawn+RG+MDM,0.8587736254295533,0.0
213,0.96,1.4482456140350874,6,9,Xdawn+RG+LDA,0.8725300687285223,0.0
214,0.92,1.4421052631578946,6,9,Xdawn+RG+SVC,0.8669136597938144,0.0
215,0.92,1.401754385964912,6,9,Xdawn+LDA,0.8347938144329896,0.0
216,0.75,1.453703703703704,7,1,Xdawn+RG+MDM,0.7387978645066274,0.0
217,0.82,1.452439024390244,7,1,Xdawn+RG+LDA,0.7142857142857143,0.0
218,0.7,1.4708333333333332,7,1,Xdawn+RG+SVC,0.714925441826215,0.0
219,0.57,1.480952380952381,7,1,Xdawn+LDA,0.6727816642120765,0.0
220,0.79,1.4764705882352942,7,2,Xdawn+RG+MDM,0.7311161776367963,0.0
221,0.73,1.4460526315789477,7,2,Xdawn+RG+LDA,0.7305908009516258,0.0
222,0.83,1.4361111111111113,7,2,Xdawn+RG+SVC,0.7244696669310071,0.0
223,0.79,1.462162162162162,7,2,Xdawn+LDA,0.7472095559080095,0.0
224,0.94,1.4712121212121212,7,3,Xdawn+RG+MDM,0.7643094931271477,0.0
225,0.9,1.4531531531531532,7,3,Xdawn+RG+LDA,0.7689271907216495,0.0
226,0.94,1.4715686274509805,7,3,Xdawn+RG+SVC,0.7504402920962199,0.0
227,0.9,1.451851851851852,7,3,Xdawn+LDA,0.7566473367697595,0.0
228,0.84,1.4975490196078434,7,4,Xdawn+RG+MDM,0.7694763355201499,0.0
229,0.89,1.4568627450980391,7,4,Xdawn+RG+LDA,0.7719306466729148,0.0
230,0.89,1.4598958333333334,7,4,Xdawn+RG+SVC,0.7547680412371134,0.0
231,0.91,1.4540404040404038,7,4,Xdawn+LDA,0.7823336457357075,0.0
232,0.92,1.4758064516129037,7,5,Xdawn+RG+MDM,0.7883182989690722,0.0
233,0.95,1.442929292929293,7,5,Xdawn+RG+LDA,0.7809342783505154,0.0
234,0.9,1.4666666666666668,7,5,Xdawn+RG+SVC,0.752854381443299,0.0
235,0.9,1.4161764705882354,7,5,Xdawn+LDA,0.7926675257731959,0.0
236,0.92,1.4444444444444449,7,6,Xdawn+RG+MDM,0.7926331615120275,0.0
237,0.94,1.4241379310344828,7,6,Xdawn+RG+LDA,0.7935996563573884,0.0
238,0.92,1.4211111111111114,7,6,Xdawn+RG+SVC,0.7783576746849943,0.0
239,0.97,1.4138888888888892,7,6,Xdawn+LDA,0.8172036082474227,0.0
240,0.88,1.4345238095238098,7,7,Xdawn+RG+MDM,0.7834890463917525,0.0
241,0.84,1.4234567901234572,7,7,Xdawn+RG+LDA,0.7964642396907217,0.0
242,0.78,1.4388888888888893,7,7,Xdawn+RG+SVC,0.7954896907216495,0.0
243,0.84,1.41474358974359,7,7,Xdawn+LDA,0.8090608891752578,0.0
244,0.89,1.4362318840579709,7,8,Xdawn+RG+MDM,0.8099134756995582,0.0
245,0.89,1.3971014492753624,7,8,Xdawn+RG+LDA,0.807179675994109,0.0
246,0.93,1.40625,7,8,Xdawn+RG+SVC,0.8014083210603828,0.0
247,0.89,1.3479166666666664,7,8,Xdawn+LDA,0.8180136229749632,0.0
248,0.83,1.4675925925925926,7,9,Xdawn+RG+MDM,0.7924506013745705,0.0
249,1.0,1.4230158730158728,7,9,Xdawn+RG+LDA,0.8200386597938145,0.0
250,0.92,1.3341269841269838,7,9,Xdawn+RG+SVC,0.7935889175257732,0.0
251,0.96,1.4408333333333332,7,9,Xdawn+LDA,0.8269974226804124,0.0
252,0.95,1.4276595744680847,8,1,Xdawn+RG+MDM,0.7448407584683358,0.0
253,0.96,1.416666666666667,8,1,Xdawn+RG+LDA,0.7747054491899853,0.0
254,0.88,1.424074074074074,8,1,Xdawn+RG+SVC,0.7291145066273932,0.0008924007415771484
255,0.71,1.4390350877192983,8,1,Xdawn+LDA,0.6765095729013255,0.0
256,0.9,1.441851851851852,8,2,Xdawn+RG+MDM,0.7886102299762093,0.0
257,0.96,1.4351449275362318,8,2,Xdawn+RG+LDA,0.7928281126090404,0.0
258,0.94,1.4271317829457364,8,2,Xdawn+RG+SVC,0.7744944488501189,0.0
259,0.88,1.4384920634920633,8,2,Xdawn+LDA,0.7279440919904838,0.0
260,0.9,1.4516666666666667,8,3,Xdawn+RG+MDM,0.8092192869415807,0.0
261,0.96,1.4368217054263568,8,3,Xdawn+RG+LDA,0.7930358676975945,0.0
262,0.92,1.3864035087719302,8,3,Xdawn+RG+SVC,0.7973743556701032,0.0
263,0.98,1.3946969696969698,8,3,Xdawn+LDA,0.8173163659793814,0.0
264,0.98,1.3962962962962964,8,4,Xdawn+RG+MDM,0.8353151358950328,0.0
265,0.95,1.411538461538462,8,4,Xdawn+RG+LDA,0.8088858950328023,0.0
266,0.95,1.3931623931623935,8,4,Xdawn+RG+SVC,0.7913191190253046,0.0
267,1.0,1.4051587301587303,8,4,Xdawn+LDA,0.8322574976569821,0.0
268,1.0,1.4072649572649576,8,5,Xdawn+RG+MDM,0.832409793814433,0.0
269,1.0,1.3947368421052635,8,5,Xdawn+RG+LDA,0.8455412371134021,0.0
270,0.98,1.3939814814814815,8,5,Xdawn+RG+SVC,0.8041301546391753,0.0
271,1.0,1.401709401709402,8,5,Xdawn+LDA,0.8612113402061856,0.0
272,0.97,1.3866666666666667,8,6,Xdawn+RG+MDM,0.8338559564719359,0.0
273,1.0,1.3523809523809525,8,6,Xdawn+RG+LDA,0.8556557846506301,0.0
274,0.97,1.412903225806452,8,6,Xdawn+RG+SVC,0.8237972508591065,0.0
275,1.0,1.3735294117647059,8,6,Xdawn+LDA,0.8712199312714777,0.0
276,1.0,1.3966666666666672,8,7,Xdawn+RG+MDM,0.8357683634020618,0.0
277,1.0,1.3522988505747129,8,7,Xdawn+RG+LDA,0.8625402706185568,0.0
278,0.91,1.3872222222222226,8,7,Xdawn+RG+SVC,0.8298807989690722,0.0
279,0.97,1.3694444444444447,8,7,Xdawn+LDA,0.8863321520618557,0.0
280,1.0,1.3666666666666667,8,8,Xdawn+RG+MDM,0.8454528718703976,0.0
281,1.0,1.3886666666666667,8,8,Xdawn+RG+LDA,0.8591494845360825,0.0
282,0.96,1.3978260869565218,8,8,Xdawn+RG+SVC,0.8382916053019146,0.0
283,1.0,1.3693333333333333,8,8,Xdawn+LDA,0.8754050073637702,0.0
284,0.96,1.3936507936507934,8,9,Xdawn+RG+MDM,0.8476267182130583,0.0
285,0.96,1.4075757575757573,8,9,Xdawn+RG+LDA,0.870178264604811,0.0
286,0.96,1.417424242424242,8,9,Xdawn+RG+SVC,0.8275665807560137,0.0
287,1.0,1.36231884057971,8,9,Xdawn+LDA,0.8803908934707904,0.0
288,0.39,1.5146341463414634,9,1,Xdawn+RG+MDM,0.5709821428571429,0.0
289,0.43,1.473888888888889,9,1,Xdawn+RG+LDA,0.5567516568483064,0.0
290,0.57,1.4523809523809526,9,1,Xdawn+RG+SVC,0.5771723122238587,0.0
291,0.36,1.4946666666666666,9,1,Xdawn+LDA,0.5302190721649485,0.0
292,0.38,1.5258620689655173,9,2,Xdawn+RG+MDM,0.5894825535289453,0.0
293,0.56,1.5043478260869565,9,2,Xdawn+RG+LDA,0.5909545995241872,0.0
294,0.42,1.4722222222222223,9,2,Xdawn+RG+SVC,0.5823057097541634,0.0
295,0.56,1.4322222222222227,9,2,Xdawn+LDA,0.6098185963521014,0.0
296,0.58,1.4758620689655175,9,3,Xdawn+RG+MDM,0.647460266323024,0.0
297,0.67,1.4494949494949496,9,3,Xdawn+RG+LDA,0.6435083762886598,0.0
298,0.62,1.4696969696969697,9,3,Xdawn+RG+SVC,0.6453876718213059,0.0
299,0.67,1.459770114942529,9,3,Xdawn+LDA,0.6187285223367698,0.0
300,0.77,1.4488505747126437,9,4,Xdawn+RG+MDM,0.6674086223055296,0.0
301,0.73,1.4096153846153845,9,4,Xdawn+RG+LDA,0.6694646204311153,0.0
302,0.68,1.4566666666666666,9,4,Xdawn+RG+SVC,0.6659910965323337,0.0
303,0.86,1.3939393939393936,9,4,Xdawn+LDA,0.6793404404873478,0.0
304,0.72,1.528787878787879,9,5,Xdawn+RG+MDM,0.6657925257731958,0.0
305,0.78,1.4458333333333335,9,5,Xdawn+RG+LDA,0.6694974226804125,0.0
306,0.75,1.4280000000000002,9,5,Xdawn+RG+SVC,0.6497100515463918,0.0
307,0.75,1.4562499999999998,9,5,Xdawn+LDA,0.6828608247422681,0.0
308,0.78,1.4510752688172046,9,6,Xdawn+RG+MDM,0.6897193585337915,0.0
309,0.78,1.4895061728395065,9,6,Xdawn+RG+LDA,0.6712843642611683,0.0
310,0.78,1.4879999999999998,9,6,Xdawn+RG+SVC,0.6755512600229095,0.0
311,0.89,1.4369047619047621,9,6,Xdawn+LDA,0.7052691867124856,0.0
312,0.88,1.3980769230769232,9,7,Xdawn+RG+MDM,0.7301063144329897,0.0
313,0.75,1.373188405797101,9,7,Xdawn+RG+LDA,0.7193379510309279,0.0
314,0.75,1.4472222222222222,9,7,Xdawn+RG+SVC,0.6913498711340207,0.0
315,0.91,1.3775362318840578,9,7,Xdawn+LDA,0.7338756443298968,0.0
316,0.82,1.4071428571428568,9,8,Xdawn+RG+MDM,0.7255614874815906,0.0
317,0.75,1.4090909090909087,9,8,Xdawn+RG+LDA,0.7126012518409426,0.0
318,0.75,1.4149122807017542,9,8,Xdawn+RG+SVC,0.7052098674521354,0.0
319,0.89,1.4095238095238094,9,8,Xdawn+LDA,0.7122146539027983,0.0
320,0.83,1.3941176470588235,9,9,Xdawn+RG+MDM,0.7354059278350515,0.0
321,0.92,1.4229166666666666,9,9,Xdawn+RG+LDA,0.7276954467353952,0.0
322,0.83,1.4129629629629628,9,9,Xdawn+RG+SVC,0.7161297250859107,0.0
323,0.92,1.4324999999999997,9,9,Xdawn+LDA,0.7340743127147766,0.0
324,0.89,1.399319727891156,10,1,Xdawn+RG+MDM,0.8005522827687777,0.0
325,0.96,1.4059027777777775,10,1,Xdawn+RG+LDA,0.8273656111929308,0.0
326,0.91,1.395390070921986,10,1,Xdawn+RG+SVC,0.8200984904270987,0.0
327,0.89,1.4079710144927535,10,1,Xdawn+LDA,0.7371456185567011,0.0
328,1.0,1.4212765957446807,10,2,Xdawn+RG+MDM,0.8573255352894529,0.0
329,0.98,1.4357142857142857,10,2,Xdawn+RG+LDA,0.8476358049167327,0.0
330,0.96,1.4074468085106384,10,2,Xdawn+RG+SVC,0.8639026566217287,0.0
331,1.0,1.4409090909090911,10,2,Xdawn+LDA,0.8406720856463125,0.0
332,1.0,1.396099290780142,10,3,Xdawn+RG+MDM,0.8913498711340206,0.0
333,1.0,1.3925531914893619,10,3,Xdawn+RG+LDA,0.8916827749140894,0.0
334,1.0,1.4042553191489362,10,3,Xdawn+RG+SVC,0.8978253865979382,0.0
335,1.0,1.3910852713178294,10,3,Xdawn+LDA,0.8756013745704467,0.0
336,1.0,1.3898373983739836,10,4,Xdawn+RG+MDM,0.8977038425492034,0.0
337,1.0,1.367063492063492,10,4,Xdawn+RG+LDA,0.9108305998125585,0.0
338,0.98,1.3755813953488372,10,4,Xdawn+RG+SVC,0.9032509372071228,0.0
339,1.0,1.4496212121212124,10,4,Xdawn+LDA,0.8907567947516402,0.0
340,1.0,1.4200854700854704,10,5,Xdawn+RG+MDM,0.9040721649484535,0.0009515285491943359
341,1.0,1.4405982905982908,10,5,Xdawn+RG+LDA,0.9113788659793814,0.0
342,1.0,1.433760683760684,10,5,Xdawn+RG+SVC,0.9045876288659793,0.0
343,1.0,1.4404166666666665,10,5,Xdawn+LDA,0.9268492268041237,0.0
344,1.0,1.4400000000000002,10,6,Xdawn+RG+MDM,0.8927835051546391,0.0
345,1.0,1.437878787878788,10,6,Xdawn+RG+LDA,0.9157144902634593,0.0
346,1.0,1.3885714285714288,10,6,Xdawn+RG+SVC,0.9172752004581901,0.0
347,1.0,1.393809523809524,10,6,Xdawn+LDA,0.9225443871706758,0.0
348,1.0,1.4122222222222225,10,7,Xdawn+RG+MDM,0.9016913659793815,0.0
349,1.0,1.4074712643678164,10,7,Xdawn+RG+LDA,0.9269974226804123,0.0
350,1.0,1.433870967741936,10,7,Xdawn+RG+SVC,0.9257651417525773,0.0
351,1.0,1.4526041666666667,10,7,Xdawn+LDA,0.9506926546391752,0.0
352,1.0,1.422619047619048,10,8,Xdawn+RG+MDM,0.9174613402061855,0.0
353,0.96,1.3697530864197534,10,8,Xdawn+RG+LDA,0.9332382179675993,0.0
354,1.0,1.4,10,8,Xdawn+RG+SVC,0.9338273195876289,0.0
355,1.0,1.4092592592592594,10,8,Xdawn+LDA,0.9459315169366715,0.0
356,1.0,1.4282608695652173,10,9,Xdawn+RG+MDM,0.9118986254295532,0.0
357,1.0,1.418253968253968,10,9,Xdawn+RG+LDA,0.9231851374570447,0.0
358,1.0,1.452173913043478,10,9,Xdawn+RG+SVC,0.9240549828178695,0.0
359,1.0,1.3999999999999997,10,9,Xdawn+LDA,0.946338058419244,0.0
360,0.46,1.4899999999999998,11,1,Xdawn+RG+MDM,0.5684738586156112,0.0
361,0.52,1.482777777777778,11,1,Xdawn+RG+LDA,0.5627945508100147,0.0
362,0.46,1.4709677419354839,11,1,Xdawn+RG+SVC,0.5600423416789396,0.0
363,0.3,1.5255555555555562,11,1,Xdawn+LDA,0.5398425994108984,0.0
364,0.71,1.3883838383838385,11,2,Xdawn+RG+MDM,0.645454996034893,0.0
365,0.71,1.494761904761905,11,2,Xdawn+RG+LDA,0.6616921094369548,0.0
366,0.69,1.4196969696969695,11,2,Xdawn+RG+SVC,0.6503865979381444,0.0
367,0.42,1.4891025641025641,11,2,Xdawn+LDA,0.6137192704203014,0.0
368,0.77,1.4964646464646465,11,3,Xdawn+RG+MDM,0.7160384450171822,0.0
369,0.79,1.4828124999999999,11,3,Xdawn+RG+LDA,0.6873013316151202,0.0
370,0.77,1.4773809523809527,11,3,Xdawn+RG+SVC,0.6818298969072165,0.0
371,0.88,1.4093137254901962,11,3,Xdawn+LDA,0.734289089347079,0.0
372,0.82,1.4833333333333334,11,4,Xdawn+RG+MDM,0.7279522024367385,0.0
373,0.8,1.399537037037037,11,4,Xdawn+RG+LDA,0.7337863167760075,0.0
374,0.86,1.4790476190476192,11,4,Xdawn+RG+SVC,0.724619259606373,0.0
375,0.86,1.4622222222222223,11,4,Xdawn+LDA,0.7381267572633552,0.0
376,0.8,1.448717948717949,11,5,Xdawn+RG+MDM,0.7361533505154639,0.0
377,0.82,1.4322222222222225,11,5,Xdawn+RG+LDA,0.7657474226804124,0.0009911060333251953
378,0.78,1.4338888888888888,11,5,Xdawn+RG+SVC,0.7293105670103093,0.0
379,0.85,1.4433333333333338,11,5,Xdawn+LDA,0.7737113402061856,0.0
380,0.78,1.4909090909090907,11,6,Xdawn+RG+MDM,0.7303908934707903,0.0
381,0.86,1.4030864197530866,11,6,Xdawn+RG+LDA,0.7717711912943872,0.0
382,0.89,1.4559523809523813,11,6,Xdawn+RG+SVC,0.7444372852233676,0.0
383,0.86,1.4397849462365595,11,6,Xdawn+LDA,0.7885452462772051,0.0
384,0.81,1.4733333333333332,11,7,Xdawn+RG+MDM,0.756153350515464,0.0
385,0.84,1.448666666666667,11,7,Xdawn+RG+LDA,0.7633698453608248,0.0
386,0.88,1.4340579710144925,11,7,Xdawn+RG+SVC,0.7235985824742268,0.0
387,0.91,1.4589285714285718,11,7,Xdawn+LDA,0.7939755154639175,0.0
388,0.89,1.4666666666666668,11,8,Xdawn+RG+MDM,0.7593796023564064,0.0
389,0.89,1.4083333333333334,11,8,Xdawn+RG+LDA,0.7853460972017673,0.0
390,0.89,1.490151515151515,11,8,Xdawn+RG+SVC,0.7658044918998528,0.0
391,0.93,1.4213333333333336,11,8,Xdawn+LDA,0.7995765832106039,0.0
392,0.71,1.4823529411764707,11,9,Xdawn+RG+MDM,0.7670425257731959,0.0
393,0.83,1.5142857142857142,11,9,Xdawn+RG+LDA,0.8005154639175258,0.0
394,0.83,1.4333333333333331,11,9,Xdawn+RG+SVC,0.781701030927835,0.0
395,0.92,1.4436507936507934,11,9,Xdawn+LDA,0.8199312714776632,0.0
396,0.57,1.4799019607843136,12,1,Xdawn+RG+MDM,0.612039764359352,0.0
397,0.54,1.4156565656565654,12,1,Xdawn+RG+LDA,0.6040224594992636,0.0
398,0.5,1.3916666666666666,12,1,Xdawn+RG+SVC,0.5984121870397644,0.0
399,0.55,1.4157894736842103,12,1,Xdawn+LDA,0.5897229381443299,0.0
400,0.54,1.4666666666666668,12,2,Xdawn+RG+MDM,0.6389076130055511,0.0
401,0.54,1.4881944444444446,12,2,Xdawn+RG+LDA,0.6266504758128469,0.0
402,0.58,1.4183908045977014,12,2,Xdawn+RG+SVC,0.6448800555114989,0.0
403,0.5,1.4735632183908052,12,2,Xdawn+LDA,0.6290890166534496,0.0
404,0.5,1.417241379310345,12,3,Xdawn+RG+MDM,0.6442976804123712,0.0
405,0.56,1.4528735632183913,12,3,Xdawn+RG+LDA,0.6396209192439863,0.0
406,0.54,1.4270833333333333,12,3,Xdawn+RG+SVC,0.6229918384879726,0.0
407,0.54,1.524404761904762,12,3,Xdawn+LDA,0.6584944158075601,0.0
408,0.68,1.4877777777777785,12,4,Xdawn+RG+MDM,0.6951323805060918,0.0
409,0.66,1.5005952380952385,12,4,Xdawn+RG+LDA,0.6886539362699156,0.0
410,0.68,1.452020202020202,12,4,Xdawn+RG+SVC,0.6755564667291472,0.0
411,0.64,1.5093333333333334,12,4,Xdawn+LDA,0.6847469540768509,0.0
412,0.62,1.5133333333333334,12,5,Xdawn+RG+MDM,0.6809213917525774,0.0
413,0.55,1.3970238095238094,12,5,Xdawn+RG+LDA,0.6622422680412372,0.0
414,0.6,1.5006410256410256,12,5,Xdawn+RG+SVC,0.6514239690721649,0.0
415,0.55,1.462280701754386,12,5,Xdawn+LDA,0.6667847938144329,0.0
416,0.58,1.5210144927536233,12,6,Xdawn+RG+MDM,0.6875644329896907,0.0
417,0.47,1.4702898550724637,12,6,Xdawn+RG+LDA,0.7009664948453609,0.0
418,0.53,1.4882716049382718,12,6,Xdawn+RG+SVC,0.678393470790378,0.0
419,0.61,1.4784722222222222,12,6,Xdawn+LDA,0.7068513745704468,0.0
420,0.62,1.4906666666666668,12,7,Xdawn+RG+MDM,0.7119281572164948,0.0
421,0.72,1.5356060606060609,12,7,Xdawn+RG+LDA,0.6943540592783505,0.0
422,0.56,1.5563492063492061,12,7,Xdawn+RG+SVC,0.6768282860824743,0.0009951591491699219
423,0.56,1.559523809523809,12,7,Xdawn+LDA,0.6703125,0.0
424,0.57,1.437037037037037,12,8,Xdawn+RG+MDM,0.7014727540500736,0.0
425,0.61,1.405952380952381,12,8,Xdawn+RG+LDA,0.6778994845360824,0.0
426,0.64,1.5388888888888888,12,8,Xdawn+RG+SVC,0.6578240058910162,0.0
427,0.64,1.4921052631578948,12,8,Xdawn+LDA,0.6909977908689249,0.0
428,0.75,1.4194444444444445,12,9,Xdawn+RG+MDM,0.7301224226804124,0.0
429,0.71,1.3935897435897435,12,9,Xdawn+RG+LDA,0.7182667525773196,0.0
430,0.67,1.4185185185185185,12,9,Xdawn+RG+SVC,0.7015786082474227,0.0
431,0.67,1.4541666666666664,12,9,Xdawn+LDA,0.735985824742268,0.0
